hcp_id,hcp_name,territory_id,specialty,prescriber_tier,monthly_rx_volume,hospital_affiliation,digital_engagement,total_calls_received,unique_reps_visited,months_contacted,avg_monthly_calls,conversion_rate,coverage_status,estimated_monthly_revenue_potential
H0098,Dr. Moore,T027,Internist,A,118,Academic,High,36,1,19,1.5,0.3055555555555556,Undercovered,49560.0
H0304,Dr. Ray,T012,Immunologist,A,116,Private Practice,High,86,2,24,3.5833333333333335,0.18604651162790697,Adequately Covered,48720.0
H0417,Dr. Mccoy,T005,Neurologist,A,115,Community,High,0,0,0,0.0,0.0,Critical Gap,48300.0
H0059,Dr. Young,T017,Endocrinologist,A,113,Community,Medium,43,1,21,1.7916666666666667,0.3023255813953488,Undercovered,47460.0
H0226,Dr. Petersen,T028,Immunologist,A,112,Community,Medium,227,8,24,9.458333333333334,0.2599118942731278,Adequately Covered,47040.0
H0337,Dr. Campbell,T050,General Practitioner,A,112,Private Practice,High,76,2,24,3.1666666666666665,0.2631578947368421,Adequately Covered,47040.0
H0318,Dr. Evans,T023,General Practitioner,A,111,Group Practice,Low,34,1,19,1.4166666666666667,0.2647058823529412,Undercovered,46620.0
H0008,Dr. Hartman,T008,Neurologist,A,110,Community,Medium,114,4,24,4.75,0.24561403508771928,Adequately Covered,46200.0
H0054,Dr. Campbell,T001,Internist,A,109,Group Practice,Low,72,2,22,3.0,0.3194444444444444,Adequately Covered,45780.0
H0149,Dr. Meadows,T015,Pulmonologist,A,109,Academic,Low,46,1,22,1.9166666666666667,0.2608695652173913,Undercovered,45780.0
H0021,Dr. Gonzalez,T022,Endocrinologist,A,108,Community,High,0,0,0,0.0,0.0,Critical Gap,45360.0
H0035,Dr. Ortega,T028,Oncologist,A,107,Academic,Medium,228,8,24,9.5,0.2324561403508772,Adequately Covered,44940.0
H0409,Dr. Ramos,T038,Endocrinologist,A,107,Community,Low,58,2,24,2.4166666666666665,0.3793103448275862,Adequately Covered,44940.0
H0401,Dr. Bryan,T001,Neurologist,A,106,Academic,Medium,50,2,22,2.0833333333333335,0.18,Adequately Covered,44520.0
H0443,Dr. Dickerson,T021,Cardiologist,A,106,Group Practice,High,30,2,16,1.25,0.2,Undercovered,44520.0
H0444,Dr. Morgan,T022,Pulmonologist,A,105,Private Practice,Low,0,0,0,0.0,0.0,Critical Gap,44100.0
H0411,Dr. Adams,T038,Cardiologist,A,104,Community,Medium,65,2,23,2.7083333333333335,0.24615384615384617,Adequately Covered,43680.0
H0495,Dr. Sims,T015,Cardiologist,A,103,Private Practice,Medium,36,1,20,1.5,0.2222222222222222,Undercovered,43260.0
H0082,Dr. Marshall,T029,Neurologist,A,103,Private Practice,High,35,1,18,1.4583333333333333,0.17142857142857143,Undercovered,43260.0
H0361,Dr. Fernandez,T018,General Practitioner,A,103,Private Practice,Medium,33,1,18,1.375,0.3939393939393939,Undercovered,43260.0
H0281,Dr. Wall,T044,Oncologist,A,102,Community,Medium,33,1,19,1.375,0.21212121212121213,Undercovered,42840.0
H0479,Dr. Garcia,T007,Endocrinologist,A,100,Academic,Medium,0,0,0,0.0,0.0,Critical Gap,42000.0
H0030,Dr. Estrada,T027,Pulmonologist,A,100,Community,High,29,1,16,1.2083333333333333,0.3793103448275862,Undercovered,42000.0
H0370,Dr. Valencia,T024,Pulmonologist,A,98,Private Practice,Low,30,1,18,1.25,0.3333333333333333,Undercovered,41160.0
H0195,Dr. David,T013,Immunologist,A,98,Community,Medium,163,4,24,6.791666666666667,0.26380368098159507,Adequately Covered,41160.0
H0248,Dr. Allen,T047,Internist,A,97,Community,High,60,2,23,2.5,0.2,Adequately Covered,40740.0
H0016,Dr. Meyer,T017,Cardiologist,A,96,Private Practice,Low,49,1,21,2.0416666666666665,0.2857142857142857,Adequately Covered,40320.0
H0467,Dr. Mcintyre,T031,Oncologist,A,96,Private Practice,High,35,1,19,1.4583333333333333,0.2571428571428571,Undercovered,40320.0
H0476,Dr. Rivera,T043,General Practitioner,A,95,Community,Medium,0,0,0,0.0,0.0,Critical Gap,39900.0
H0383,Dr. Olsen,T035,Internist,A,94,Academic,Medium,36,1,17,1.5,0.2222222222222222,Undercovered,39480.0
H0447,Dr. Smith,T034,Immunologist,A,94,Community,Low,0,0,0,0.0,0.0,Critical Gap,39480.0
H0497,Dr. Freeman,T001,General Practitioner,A,93,Private Practice,Low,51,2,23,2.125,0.27450980392156865,Adequately Covered,39060.0
H0354,Dr. Holloway,T049,Pulmonologist,A,92,Private Practice,Medium,49,2,19,2.0416666666666665,0.14285714285714285,Adequately Covered,38640.0
H0071,Dr. Cruz,T028,Immunologist,A,90,Community,High,223,8,24,9.291666666666666,0.30493273542600896,Adequately Covered,37800.0
H0333,Dr. Norris,T003,Neurologist,A,90,Community,High,99,3,23,4.125,0.24242424242424243,Adequately Covered,37800.0
H0246,Dr. Black,T002,Oncologist,A,90,Academic,Low,0,0,0,0.0,0.0,Critical Gap,37800.0
H0429,Dr. Cantu,T049,Neurologist,A,90,Private Practice,High,59,2,22,2.4583333333333335,0.22033898305084745,Adequately Covered,37800.0
H0124,Dr. Shah,T043,Oncologist,A,89,Community,Medium,0,0,0,0.0,0.0,Critical Gap,37380.0
H0033,Dr. Spencer,T035,Neurologist,A,89,Academic,Medium,29,1,16,1.2083333333333333,0.27586206896551724,Undercovered,37380.0
H0216,Dr. Snow,T004,Endocrinologist,A,89,Group Practice,Low,0,0,0,0.0,0.0,Critical Gap,37380.0
H0052,Dr. Fitzgerald,T016,Internist,A,88,Private Practice,Low,129,3,24,5.375,0.24031007751937986,Adequately Covered,36960.0
H0144,Dr. Ramsey,T014,Cardiologist,A,87,Private Practice,Medium,18,1,13,0.75,0.2222222222222222,Critical Gap,36540.0
H0387,Dr. Morris,T030,Immunologist,A,87,Community,Low,0,0,0,0.0,0.0,Critical Gap,36540.0
H0168,Dr. Crane,T014,Immunologist,A,87,Private Practice,Medium,14,1,10,0.5833333333333334,0.14285714285714285,Critical Gap,36540.0
H0331,Dr. Moore,T038,Immunologist,A,87,Group Practice,Medium,55,2,23,2.2916666666666665,0.23636363636363636,Adequately Covered,36540.0
H0247,Dr. Lee,T034,Internist,A,86,Private Practice,High,0,0,0,0.0,0.0,Critical Gap,36120.0
H0482,Dr. Thomas,T030,Cardiologist,A,85,Private Practice,Medium,0,0,0,0.0,0.0,Critical Gap,35700.0
H0339,Dr. Jones,T019,Pulmonologist,A,84,Group Practice,Low,78,2,23,3.25,0.20512820512820512,Adequately Covered,35280.0
H0125,Dr. Smith,T042,Internist,A,82,Academic,High,0,0,0,0.0,0.0,Critical Gap,34440.0
H0146,Dr. Calhoun,T020,Internist,A,81,Private Practice,Medium,108,3,24,4.5,0.2777777777777778,Adequately Covered,34020.0
H0379,Dr. Ramos,T039,Cardiologist,A,80,Private Practice,Medium,70,2,24,2.9166666666666665,0.2,Adequately Covered,33600.0
H0135,Dr. Navarro,T009,Pulmonologist,A,80,Private Practice,Medium,21,1,14,0.875,0.2857142857142857,Critical Gap,33600.0
H0357,Dr. Harrison,T031,Internist,A,79,Academic,High,34,1,20,1.4166666666666667,0.17647058823529413,Undercovered,33180.0
H0470,Dr. Sparks,T023,Immunologist,A,79,Community,Medium,32,1,17,1.3333333333333333,0.21875,Undercovered,33180.0
H0326,Dr. Garrett,T024,Neurologist,A,79,Community,Medium,41,1,21,1.7083333333333333,0.34146341463414637,Undercovered,33180.0
H0104,Dr. Strickland,T014,General Practitioner,A,79,Private Practice,Low,12,1,10,0.5,0.3333333333333333,Critical Gap,33180.0
H0268,Dr. Hall,T034,Neurologist,A,79,Private Practice,Medium,0,0,0,0.0,0.0,Critical Gap,33180.0
H0159,Dr. Rogers,T014,Internist,A,79,Community,Medium,18,1,12,0.75,0.16666666666666666,Critical Gap,33180.0
H0491,Dr. Murphy,T003,Cardiologist,A,78,Community,Medium,94,3,24,3.9166666666666665,0.2127659574468085,Adequately Covered,32760.0
H0072,Dr. Ross,T030,Pulmonologist,A,78,Group Practice,Medium,0,0,0,0.0,0.0,Critical Gap,32760.0
H0051,Dr. Moyer,T003,Endocrinologist,A,78,Community,Medium,122,3,24,5.083333333333333,0.27049180327868855,Adequately Covered,32760.0
H0271,Dr. Newton,T003,Immunologist,A,78,Community,High,97,3,24,4.041666666666667,0.1958762886597938,Adequately Covered,32760.0
H0430,Dr. Carter,T049,Internist,A,77,Private Practice,Low,57,2,23,2.375,0.3508771929824561,Adequately Covered,32340.0
H0024,Dr. Mccall,T028,Neurologist,A,76,Academic,Medium,231,8,24,9.625,0.2597402597402597,Adequately Covered,31920.0
H0167,Dr. Williams,T009,Internist,A,71,Private Practice,High,24,1,15,1.0,0.16666666666666666,Undercovered,29820.0
H0187,Dr. Strickland,T021,Pulmonologist,A,69,Private Practice,High,43,2,22,1.7916666666666667,0.23255813953488372,Undercovered,28980.0
H0438,Dr. Greene,T038,General Practitioner,A,67,Private Practice,Low,64,2,24,2.6666666666666665,0.25,Adequately Covered,28140.0
H0269,Dr. Griffith,T016,Neurologist,A,67,Community,Low,126,3,24,5.25,0.1984126984126984,Adequately Covered,28140.0
H0156,Dr. Green,T040,Pulmonologist,A,66,Academic,Low,0,0,0,0.0,0.0,Critical Gap,27720.0
H0198,Dr. Rivas,T018,Endocrinologist,A,66,Private Practice,Low,48,1,23,2.0,0.22916666666666666,Adequately Covered,27720.0
H0011,Dr. Wilson,T035,Cardiologist,A,65,Community,Medium,42,1,22,1.75,0.21428571428571427,Undercovered,27300.0
H0325,Dr. Farmer,T029,Internist,A,64,Community,Medium,47,1,21,1.9583333333333333,0.19148936170212766,Undercovered,26880.0
H0454,Dr. Washington,T008,Pulmonologist,A,64,Community,High,133,4,24,5.541666666666667,0.24812030075187969,Adequately Covered,26880.0
H0043,Dr. Clark,T050,Internist,A,63,Academic,Medium,67,2,23,2.7916666666666665,0.29850746268656714,Adequately Covered,26460.0
H0134,Dr. Medina,T002,Internist,A,63,Community,Low,0,0,0,0.0,0.0,Critical Gap,26460.0
H0309,Dr. Miller,T019,Immunologist,A,62,Group Practice,Medium,88,2,24,3.6666666666666665,0.2159090909090909,Adequately Covered,26040.0
H0253,Dr. Joseph,T034,Neurologist,A,61,Private Practice,Medium,0,0,0,0.0,0.0,Critical Gap,25620.0
H0426,Dr. Valentine,T030,Pulmonologist,A,61,Private Practice,Medium,0,0,0,0.0,0.0,Critical Gap,25620.0
H0330,Dr. Arnold,T009,Internist,A,61,Community,High,31,1,17,1.2916666666666667,0.25806451612903225,Undercovered,25620.0
H0235,Dr. Barnett,T045,Neurologist,A,60,Group Practice,High,124,3,24,5.166666666666667,0.25,Adequately Covered,25200.0
H0019,Dr. Bentley,T028,Pulmonologist,A,60,Private Practice,Medium,255,8,24,10.625,0.28627450980392155,Adequately Covered,25200.0
H0428,Dr. Moore,T045,Endocrinologist,A,60,Academic,High,121,3,24,5.041666666666667,0.15702479338842976,Adequately Covered,25200.0
H0274,Dr. Lee,T039,Immunologist,A,59,Private Practice,Medium,75,2,23,3.125,0.29333333333333333,Adequately Covered,24780.0
H0423,Dr. Walker,T003,Endocrinologist,A,58,Private Practice,Medium,99,3,24,4.125,0.1717171717171717,Adequately Covered,24360.0
H0174,Dr. Wright,T027,General Practitioner,A,58,Community,High,40,1,21,1.6666666666666667,0.325,Undercovered,24360.0
H0300,Dr. Hensley,T006,Neurologist,A,56,Private Practice,Low,34,1,20,1.4166666666666667,0.2647058823529412,Undercovered,23520.0
H0456,Dr. Hines,T048,Cardiologist,A,56,Community,Medium,24,1,14,1.0,0.3333333333333333,Undercovered,23520.0
H0069,Dr. Johnston,T047,Neurologist,A,55,Private Practice,Low,56,2,22,2.3333333333333335,0.3392857142857143,Adequately Covered,23100.0
H0006,Dr. Carlson,T020,Neurologist,A,54,Group Practice,High,108,3,24,4.5,0.2962962962962963,Adequately Covered,22680.0
H0101,Dr. Walton,T044,Cardiologist,A,53,Community,Low,40,1,20,1.6666666666666667,0.3,Undercovered,22260.0
H0029,Dr. Hunter,T047,Endocrinologist,A,51,Community,Low,57,2,22,2.375,0.2982456140350877,Adequately Covered,21420.0
H0458,Dr. Cantu,T030,Endocrinologist,A,51,Private Practice,Low,0,0,0,0.0,0.0,Critical Gap,21420.0
H0150,Dr. Vargas,T048,Neurologist,A,51,Group Practice,Medium,24,1,14,1.0,0.2916666666666667,Undercovered,21420.0
H0178,Dr. Wells,T001,Immunologist,A,50,Academic,Low,54,2,23,2.25,0.2777777777777778,Adequately Covered,21000.0
H0256,Dr. Phillips,T049,Immunologist,A,50,Private Practice,Medium,49,2,22,2.0416666666666665,0.24489795918367346,Adequately Covered,21000.0
H0214,Dr. Hamilton,T038,Immunologist,A,48,Academic,Medium,70,2,21,2.9166666666666665,0.2714285714285714,Adequately Covered,20160.0
H0485,Dr. Jones,T006,Internist,A,47,Community,High,48,1,23,2.0,0.16666666666666666,Adequately Covered,19740.0
H0377,Dr. Thompson,T013,Endocrinologist,A,47,Group Practice,Low,158,4,24,6.583333333333333,0.22151898734177214,Adequately Covered,19740.0
H0133,Dr. Houston,T010,Internist,A,47,Community,Medium,98,2,23,4.083333333333333,0.1326530612244898,Adequately Covered,19740.0
H0308,Dr. Avery,T021,Neurologist,A,45,Community,Low,33,2,18,1.375,0.24242424242424243,Undercovered,18900.0
H0453,Dr. Griffin,T048,General Practitioner,A,45,Private Practice,High,25,1,18,1.0416666666666667,0.36,Undercovered,18900.0
H0120,Dr. Brown,T012,Neurologist,A,45,Private Practice,High,90,2,23,3.75,0.2111111111111111,Adequately Covered,18900.0
H0113,Dr. Hernandez,T012,Cardiologist,A,42,Academic,Low,86,2,23,3.5833333333333335,0.23255813953488372,Adequately Covered,17640.0
H0022,Dr. Reynolds,T048,Cardiologist,A,42,Private Practice,High,27,1,18,1.125,0.18518518518518517,Undercovered,17640.0
H0155,Dr. White,T046,Immunologist,A,42,Private Practice,High,39,1,22,1.625,0.38461538461538464,Undercovered,17640.0
H0449,Dr. Monroe,T004,Pulmonologist,A,40,Private Practice,Low,0,0,0,0.0,0.0,Critical Gap,16800.0
H0484,Dr. Booker,T023,Pulmonologist,B,44,Community,High,26,1,15,1.0833333333333333,0.038461538461538464,Adequately Covered,11088.0
H0234,Dr. Hudson,T026,Internist,B,44,Private Practice,Medium,49,2,22,2.0416666666666665,0.1836734693877551,Adequately Covered,11088.0
H0496,Dr. Clay,T022,Oncologist,B,44,Private Practice,Medium,0,0,0,0.0,0.0,Undercovered,11088.0
H0386,Dr. Ortiz,T033,General Practitioner,B,44,Private Practice,Low,60,2,23,2.5,0.11666666666666667,Adequately Covered,11088.0
H0257,Dr. Sullivan,T048,General Practitioner,B,44,Academic,High,9,1,8,0.375,0.1111111111111111,Undercovered,11088.0
H0498,Dr. Weaver,T004,Immunologist,B,44,Group Practice,High,0,0,0,0.0,0.0,Undercovered,11088.0
H0359,Dr. Powell,T005,Pulmonologist,B,44,Community,High,0,0,0,0.0,0.0,Undercovered,11088.0
H0045,Dr. Lawson,T006,Oncologist,B,43,Community,Medium,24,1,15,1.0,0.20833333333333334,Adequately Covered,10836.0
H0212,Dr. Fisher,T029,Pulmonologist,B,43,Academic,Medium,20,1,16,0.8333333333333334,0.15,Adequately Covered,10836.0
H0263,Dr. Barajas,T002,Endocrinologist,B,43,Private Practice,Low,0,0,0,0.0,0.0,Undercovered,10836.0
H0385,Dr. Harrison,T034,Oncologist,B,43,Community,Medium,0,0,0,0.0,0.0,Undercovered,10836.0
H0233,Dr. Christensen,T009,General Practitioner,B,42,Private Practice,High,18,1,13,0.75,0.3333333333333333,Adequately Covered,10584.0
H0236,Dr. Rogers,T036,Neurologist,B,42,Community,High,105,3,23,4.375,0.17142857142857143,Adequately Covered,10584.0
H0106,Dr. Allen,T020,Oncologist,B,42,Community,Low,67,3,24,2.7916666666666665,0.08955223880597014,Adequately Covered,10584.0
H0047,Dr. Ramos,T044,Internist,B,42,Private Practice,Low,16,1,13,0.6666666666666666,0.125,Adequately Covered,10584.0
H0079,Dr. Robinson,T005,Pulmonologist,B,42,Community,Low,0,0,0,0.0,0.0,Undercovered,10584.0
H0147,Dr. Hooper,T027,Oncologist,B,42,Private Practice,Low,28,1,17,1.1666666666666667,0.10714285714285714,Adequately Covered,10584.0
H0219,Dr. Thompson,T034,Internist,B,42,Private Practice,Low,0,0,0,0.0,0.0,Undercovered,10584.0
H0338,Dr. Heath,T009,Pulmonologist,B,42,Community,Low,10,1,9,0.4166666666666667,0.0,Undercovered,10584.0
H0347,Dr. Walker,T028,Endocrinologist,B,42,Group Practice,Medium,158,8,24,6.583333333333333,0.1518987341772152,Adequately Covered,10584.0
H0191,Dr. Hickman,T008,Immunologist,B,42,Academic,High,71,4,22,2.9583333333333335,0.1267605633802817,Adequately Covered,10584.0
H0375,Dr. Johnston,T033,Pulmonologist,B,41,Private Practice,Low,72,2,24,3.0,0.125,Adequately Covered,10332.0
H0080,Dr. Brock,T050,Oncologist,B,41,Community,Low,37,2,18,1.5416666666666667,0.08108108108108109,Adequately Covered,10332.0
H0102,Dr. Larsen,T048,Cardiologist,B,41,Private Practice,Low,14,1,8,0.5833333333333334,0.2857142857142857,Adequately Covered,10332.0
H0259,Dr. Beck,T044,Oncologist,B,41,Academic,Low,27,1,19,1.125,0.18518518518518517,Adequately Covered,10332.0
H0424,Dr. Skinner,T028,Internist,B,40,Community,Low,130,8,24,5.416666666666667,0.14615384615384616,Adequately Covered,10080.0
H0238,Dr. Nguyen,T031,Internist,B,40,Group Practice,Medium,25,1,15,1.0416666666666667,0.2,Adequately Covered,10080.0
H0090,Dr. Stewart,T023,Neurologist,B,40,Private Practice,Low,15,1,12,0.625,0.13333333333333333,Adequately Covered,10080.0
H0018,Dr. Mcdaniel,T047,Neurologist,B,40,Private Practice,Medium,36,2,19,1.5,0.05555555555555555,Adequately Covered,10080.0
H0207,Dr. Patel,T002,General Practitioner,B,40,Group Practice,Medium,0,0,0,0.0,0.0,Undercovered,10080.0
H0329,Dr. Allen,T011,Pulmonologist,B,40,Community,Medium,31,2,20,1.2916666666666667,0.12903225806451613,Adequately Covered,10080.0
H0490,Dr. Miller,T023,Oncologist,B,40,Community,High,26,1,17,1.0833333333333333,0.15384615384615385,Adequately Covered,10080.0
H0107,Dr. Gonzales,T002,Cardiologist,B,40,Private Practice,Medium,0,0,0,0.0,0.0,Undercovered,10080.0
H0193,Dr. Odonnell,T004,Oncologist,B,40,Private Practice,Medium,0,0,0,0.0,0.0,Undercovered,10080.0
H0346,Dr. Wilson,T026,Internist,B,39,Group Practice,Low,52,2,23,2.1666666666666665,0.17307692307692307,Adequately Covered,9828.0
H0432,Dr. Perry,T007,Pulmonologist,B,39,Community,Medium,0,0,0,0.0,0.0,Undercovered,9828.0
H0221,Dr. Santos,T013,General Practitioner,B,39,Community,High,88,4,23,3.6666666666666665,0.09090909090909091,Adequately Covered,9828.0
H0065,Dr. Carr,T007,Endocrinologist,B,39,Private Practice,Medium,0,0,0,0.0,0.0,Undercovered,9828.0
H0200,Dr. Terry,T015,Neurologist,B,39,Community,Medium,26,1,17,1.0833333333333333,0.23076923076923078,Adequately Covered,9828.0
H0110,Dr. Rogers,T031,Pulmonologist,B,39,Academic,Medium,17,1,11,0.7083333333333334,0.29411764705882354,Adequately Covered,9828.0
H0237,Dr. Snyder,T040,Internist,B,38,Group Practice,Low,0,0,0,0.0,0.0,Undercovered,9576.0
H0130,Dr. Evans,T046,Internist,B,38,Private Practice,Medium,14,1,13,0.5833333333333334,0.14285714285714285,Adequately Covered,9576.0
H0313,Dr. Carlson,T039,Cardiologist,B,38,Private Practice,Low,24,2,15,1.0,0.16666666666666666,Adequately Covered,9576.0
H0002,Dr. Green,T041,Endocrinologist,B,38,Private Practice,High,88,3,24,3.6666666666666665,0.11363636363636363,Adequately Covered,9576.0
H0111,Dr. Orozco,T002,Immunologist,B,38,Community,Medium,0,0,0,0.0,0.0,Undercovered,9576.0
H0251,Dr. Allen,T047,Oncologist,B,37,Private Practice,Medium,35,2,17,1.4583333333333333,0.11428571428571428,Adequately Covered,9324.0
H0164,Dr. Conley,T042,Endocrinologist,B,37,Private Practice,Low,0,0,0,0.0,0.0,Undercovered,9324.0
H0436,Dr. Thomas,T016,Immunologist,B,37,Community,High,72,3,22,3.0,0.2222222222222222,Adequately Covered,9324.0
H0023,Dr. Rush,T008,Neurologist,B,37,Private Practice,Medium,97,4,24,4.041666666666667,0.2268041237113402,Adequately Covered,9324.0
H0123,Dr. Carrillo,T035,Pulmonologist,B,37,Community,Low,28,1,18,1.1666666666666667,0.21428571428571427,Adequately Covered,9324.0
H0278,Dr. Wolf,T029,Endocrinologist,B,37,Academic,Medium,28,1,20,1.1666666666666667,0.14285714285714285,Adequately Covered,9324.0
H0345,Dr. Gonzalez,T011,Immunologist,B,37,Community,Low,37,2,20,1.5416666666666667,0.08108108108108109,Adequately Covered,9324.0
H0440,Dr. Taylor,T022,Oncologist,B,36,Group Practice,High,0,0,0,0.0,0.0,Undercovered,9072.0
H0230,Dr. Michael,T007,Cardiologist,B,36,Private Practice,High,0,0,0,0.0,0.0,Undercovered,9072.0
H0073,Dr. Hernandez,T001,Oncologist,B,36,Private Practice,Low,38,2,19,1.5833333333333333,0.10526315789473684,Adequately Covered,9072.0
H0094,Dr. Mcclain,T022,Internist,B,36,Community,Medium,0,0,0,0.0,0.0,Undercovered,9072.0
H0293,Dr. Garcia,T045,Endocrinologist,B,35,Community,Medium,74,3,23,3.0833333333333335,0.16216216216216217,Adequately Covered,8820.0
H0396,Dr. Miller,T037,Endocrinologist,B,35,Community,High,62,2,22,2.5833333333333335,0.2903225806451613,Adequately Covered,8820.0
H0138,Dr. Freeman,T046,Neurologist,B,35,Private Practice,Medium,19,1,14,0.7916666666666666,0.15789473684210525,Adequately Covered,8820.0
H0294,Dr. Smith,T050,Pulmonologist,B,35,Private Practice,Low,44,2,21,1.8333333333333333,0.09090909090909091,Adequately Covered,8820.0
H0009,Dr. Graham,T012,Endocrinologist,B,35,Group Practice,Low,41,2,20,1.7083333333333333,0.24390243902439024,Adequately Covered,8820.0
H0394,Dr. Hodges,T007,Neurologist,B,35,Private Practice,High,0,0,0,0.0,0.0,Undercovered,8820.0
H0492,Dr. Craig,T028,Endocrinologist,B,35,Academic,High,128,8,24,5.333333333333333,0.234375,Adequately Covered,8820.0
H0493,Dr. Ferguson,T014,Pulmonologist,B,35,Community,Low,9,1,7,0.375,0.2222222222222222,Undercovered,8820.0
H0290,Dr. Raymond,T020,Neurologist,B,35,Group Practice,Low,70,3,24,2.9166666666666665,0.17142857142857143,Adequately Covered,8820.0
H0368,Dr. Perez,T004,Cardiologist,B,35,Community,Low,0,0,0,0.0,0.0,Undercovered,8820.0
H0425,Dr. Wilson,T017,Endocrinologist,B,34,Community,Low,18,1,14,0.75,0.1111111111111111,Adequately Covered,8568.0
H0118,Dr. Rivera,T009,General Practitioner,B,34,Community,High,11,1,8,0.4583333333333333,0.09090909090909091,Undercovered,8568.0
H0122,Dr. Price,T012,Pulmonologist,B,34,Private Practice,Low,48,2,20,2.0,0.10416666666666667,Adequately Covered,8568.0
H0262,Dr. Cooper,T042,Internist,B,34,Community,Medium,0,0,0,0.0,0.0,Undercovered,8568.0
H0364,Dr. Preston,T024,Cardiologist,B,34,Private Practice,Medium,29,1,17,1.2083333333333333,0.1724137931034483,Adequately Covered,8568.0
H0215,Dr. Cox,T005,Oncologist,B,34,Community,Medium,0,0,0,0.0,0.0,Undercovered,8568.0
H0296,Dr. Mendoza,T021,Neurologist,B,34,Private Practice,Low,26,2,17,1.0833333333333333,0.15384615384615385,Adequately Covered,8568.0
H0399,Dr. Barton,T042,Endocrinologist,B,34,Community,High,0,0,0,0.0,0.0,Undercovered,8568.0
H0321,Dr. Carroll,T050,Immunologist,B,33,Academic,Low,47,2,21,1.9583333333333333,0.10638297872340426,Adequately Covered,8316.0
H0336,Dr. Roberts,T047,Oncologist,B,33,Community,High,26,2,17,1.0833333333333333,0.15384615384615385,Adequately Covered,8316.0
H0463,Dr. Chase,T046,Immunologist,B,33,Group Practice,Medium,19,1,13,0.7916666666666666,0.15789473684210525,Adequately Covered,8316.0
H0028,Dr. Mccullough,T045,Internist,B,33,Private Practice,Medium,65,3,23,2.7083333333333335,0.2,Adequately Covered,8316.0
H0126,Dr. Gilmore,T020,Neurologist,B,33,Community,Medium,71,3,24,2.9583333333333335,0.15492957746478872,Adequately Covered,8316.0
H0218,Dr. Hernandez,T024,Cardiologist,B,33,Group Practice,Medium,17,1,12,0.7083333333333334,0.17647058823529413,Adequately Covered,8316.0
H0434,Dr. Kennedy,T002,Neurologist,B,33,Academic,Low,0,0,0,0.0,0.0,Undercovered,8316.0
H0307,Dr. Shepherd,T050,Endocrinologist,B,33,Private Practice,Medium,41,2,22,1.7083333333333333,0.1951219512195122,Adequately Covered,8316.0
H0455,Dr. Cook,T021,Internist,B,32,Group Practice,High,21,2,14,0.875,0.14285714285714285,Adequately Covered,8064.0
H0020,Dr. Mclaughlin,T020,Internist,B,32,Private Practice,High,67,3,23,2.7916666666666665,0.19402985074626866,Adequately Covered,8064.0
H0053,Dr. Hopkins,T040,Endocrinologist,B,31,Group Practice,Low,0,0,0,0.0,0.0,Undercovered,7812.0
H0085,Dr. Martinez,T011,Immunologist,B,31,Community,High,47,2,21,1.9583333333333333,0.1702127659574468,Adequately Covered,7812.0
H0483,Dr. Pitts,T039,Endocrinologist,B,31,Private Practice,Low,43,2,22,1.7916666666666667,0.2558139534883721,Adequately Covered,7812.0
H0477,Dr. Garcia,T038,Neurologist,B,31,Group Practice,High,38,2,17,1.5833333333333333,0.13157894736842105,Adequately Covered,7812.0
H0384,Dr. Costa,T042,General Practitioner,B,30,Group Practice,High,0,0,0,0.0,0.0,Undercovered,7560.0
H0153,Dr. Patterson,T044,Immunologist,B,30,Academic,Medium,22,1,14,0.9166666666666666,0.13636363636363635,Adequately Covered,7560.0
H0007,Dr. Reed,T039,Endocrinologist,B,30,Group Practice,Low,33,2,19,1.375,0.09090909090909091,Adequately Covered,7560.0
H0143,Dr. Yates,T028,General Practitioner,B,29,Group Practice,Medium,136,8,24,5.666666666666667,0.1323529411764706,Adequately Covered,7308.0
H0224,Dr. Hampton,T034,General Practitioner,B,29,Private Practice,Low,0,0,0,0.0,0.0,Undercovered,7308.0
H0288,Dr. Brown,T017,Oncologist,B,29,Private Practice,Medium,19,1,14,0.7916666666666666,0.2631578947368421,Adequately Covered,7308.0
H0258,Dr. Sanchez,T023,Oncologist,B,29,Private Practice,High,21,1,15,0.875,0.23809523809523808,Adequately Covered,7308.0
H0316,Dr. James,T045,Cardiologist,B,28,Private Practice,Low,73,3,24,3.0416666666666665,0.1232876712328767,Adequately Covered,7056.0
H0471,Dr. Pearson,T049,Internist,B,28,Private Practice,Medium,39,2,22,1.625,0.2564102564102564,Adequately Covered,7056.0
H0392,Dr. Bates,T002,General Practitioner,B,28,Community,Medium,0,0,0,0.0,0.0,Undercovered,7056.0
H0314,Dr. Montgomery,T005,Endocrinologist,B,28,Community,High,0,0,0,0.0,0.0,Undercovered,7056.0
H0145,Dr. Pittman,T030,Cardiologist,B,28,Academic,Medium,0,0,0,0.0,0.0,Undercovered,7056.0
H0341,Dr. Baker,T034,Cardiologist,B,28,Private Practice,Low,0,0,0,0.0,0.0,Undercovered,7056.0
H0420,Dr. Collins,T003,Neurologist,B,28,Private Practice,Low,70,3,24,2.9166666666666665,0.07142857142857142,Adequately Covered,7056.0
H0478,Dr. Kirk,T030,Cardiologist,B,27,Community,Low,0,0,0,0.0,0.0,Undercovered,6804.0
H0183,Dr. Wood,T029,Internist,B,27,Private Practice,Low,24,1,13,1.0,0.08333333333333333,Adequately Covered,6804.0
H0413,Dr. Roberts,T049,Endocrinologist,B,27,Community,Medium,40,2,20,1.6666666666666667,0.1,Adequately Covered,6804.0
H0469,Dr. Mcneil,T044,Pulmonologist,B,27,Group Practice,Medium,28,1,15,1.1666666666666667,0.03571428571428571,Adequately Covered,6804.0
H0012,Dr. Lam,T031,Internist,B,26,Community,High,22,1,13,0.9166666666666666,0.18181818181818182,Adequately Covered,6552.0
H0225,Dr. Marshall,T014,Endocrinologist,B,26,Academic,High,9,1,6,0.375,0.2222222222222222,Undercovered,6552.0
H0074,Dr. Watts,T031,Pulmonologist,B,26,Community,High,22,1,14,0.9166666666666666,0.18181818181818182,Adequately Covered,6552.0
H0391,Dr. Simpson,T045,Oncologist,B,25,Private Practice,Low,66,3,24,2.75,0.12121212121212122,Adequately Covered,6300.0
H0169,Dr. Walker,T002,General Practitioner,B,25,Community,Medium,0,0,0,0.0,0.0,Undercovered,6300.0
H0222,Dr. Gilbert,T041,Immunologist,B,25,Academic,Medium,100,3,24,4.166666666666667,0.16,Adequately Covered,6300.0
H0129,Dr. Bender,T015,Endocrinologist,B,25,Community,Medium,29,1,17,1.2083333333333333,0.13793103448275862,Adequately Covered,6300.0
H0486,Dr. Harrington,T006,Oncologist,B,25,Academic,Low,24,1,16,1.0,0.20833333333333334,Adequately Covered,6300.0
H0049,Dr. Dixon,T028,Cardiologist,B,25,Community,Medium,169,8,24,7.041666666666667,0.17751479289940827,Adequately Covered,6300.0
H0335,Dr. Johnson,T045,Neurologist,B,24,Private Practice,High,74,3,23,3.0833333333333335,0.12162162162162163,Adequately Covered,6048.0
H0036,Dr. Gray,T029,Immunologist,B,24,Group Practice,Medium,29,1,17,1.2083333333333333,0.1724137931034483,Adequately Covered,6048.0
H0465,Dr. Flores,T011,Pulmonologist,B,24,Private Practice,Medium,45,2,21,1.875,0.08888888888888889,Adequately Covered,6048.0
H0373,Dr. Hubbard,T041,Oncologist,B,23,Group Practice,Medium,73,3,22,3.0416666666666665,0.1506849315068493,Adequately Covered,5796.0
H0408,Dr. Jimenez,T026,Immunologist,B,23,Community,Medium,66,2,23,2.75,0.15151515151515152,Adequately Covered,5796.0
H0302,Dr. Jones,T015,Immunologist,B,23,Group Practice,High,20,1,14,0.8333333333333334,0.05,Adequately Covered,5796.0
H0500,Dr. Young,T023,General Practitioner,B,23,Private Practice,Low,24,1,16,1.0,0.20833333333333334,Adequately Covered,5796.0
H0176,Dr. Howell,T042,Endocrinologist,B,23,Academic,Medium,0,0,0,0.0,0.0,Undercovered,5796.0
H0342,Dr. Moody,T008,General Practitioner,B,23,Community,Low,89,4,24,3.7083333333333335,0.1797752808988764,Adequately Covered,5796.0
H0360,Dr. Nelson,T020,Immunologist,B,23,Private Practice,Medium,56,3,23,2.3333333333333335,0.17857142857142858,Adequately Covered,5796.0
H0427,Dr. Holland,T003,Cardiologist,B,22,Group Practice,High,69,3,24,2.875,0.2318840579710145,Adequately Covered,5544.0
H0165,Dr. Ruiz,T050,Oncologist,B,22,Academic,Medium,43,2,20,1.7916666666666667,0.11627906976744186,Adequately Covered,5544.0
H0114,Dr. Reyes,T032,Cardiologist,B,22,Academic,Low,47,2,22,1.9583333333333333,0.1276595744680851,Adequately Covered,5544.0
H0087,Dr. Marshall,T010,Internist,B,21,Group Practice,Low,52,2,23,2.1666666666666665,0.17307692307692307,Adequately Covered,5292.0
H0437,Dr. Lee,T023,General Practitioner,B,21,Community,High,33,1,19,1.375,0.18181818181818182,Adequately Covered,5292.0
H0272,Dr. Tapia,T016,Pulmonologist,B,20,Private Practice,High,68,3,24,2.8333333333333335,0.10294117647058823,Adequately Covered,5040.0
H0056,Dr. Harvey,T020,General Practitioner,B,20,Academic,Medium,78,3,24,3.25,0.1794871794871795,Adequately Covered,5040.0
H0459,Dr. Kane,T020,Immunologist,B,20,Academic,Medium,67,3,22,2.7916666666666665,0.22388059701492538,Adequately Covered,5040.0
H0452,Dr. Grimes,T014,Cardiologist,B,20,Group Practice,Low,11,1,9,0.4583333333333333,0.2727272727272727,Undercovered,5040.0
H0078,Dr. Osborne,T021,Oncologist,B,20,Private Practice,Low,15,2,11,0.625,0.13333333333333333,Adequately Covered,5040.0
H0287,Dr. Williams,T050,Internist,B,20,Academic,Medium,42,2,21,1.75,0.14285714285714285,Adequately Covered,5040.0
H0353,Dr. Larson,T046,General Practitioner,B,20,Private Practice,Low,16,1,13,0.6666666666666666,0.1875,Adequately Covered,5040.0
H0217,Dr. Stevens,T035,Endocrinologist,B,20,Community,Medium,21,1,16,0.875,0.19047619047619047,Adequately Covered,5040.0
H0480,Dr. Lozano,T002,Immunologist,B,20,Community,Medium,0,0,0,0.0,0.0,Undercovered,5040.0
H0017,Dr. Drake,T009,Cardiologist,B,19,Group Practice,Low,23,1,18,0.9583333333333334,0.08695652173913043,Adequately Covered,4788.0
H0255,Dr. Smith,T047,Internist,B,19,Private Practice,Medium,40,2,21,1.6666666666666667,0.175,Adequately Covered,4788.0
H0127,Dr. Johnston,T032,Immunologist,B,19,Group Practice,High,49,2,22,2.0416666666666665,0.30612244897959184,Adequately Covered,4788.0
H0298,Dr. Sheppard,T036,Immunologist,B,18,Private Practice,Low,88,3,24,3.6666666666666665,0.2159090909090909,Adequately Covered,4536.0
H0435,Dr. Bryant,T002,Pulmonologist,B,18,Community,High,0,0,0,0.0,0.0,Undercovered,4536.0
H0091,Dr. Fischer,T027,Immunologist,B,18,Academic,Low,23,1,15,0.9583333333333334,0.30434782608695654,Adequately Covered,4536.0
H0171,Dr. Bernard,T006,Cardiologist,B,18,Community,High,20,1,15,0.8333333333333334,0.2,Adequately Covered,4536.0
H0334,Dr. Harrison,T049,Immunologist,B,17,Community,Medium,36,2,20,1.5,0.1388888888888889,Adequately Covered,4284.0
H0267,Dr. Parker,T004,Immunologist,B,17,Private Practice,Medium,0,0,0,0.0,0.0,Undercovered,4284.0
H0369,Dr. Craig,T043,Oncologist,B,17,Community,Low,0,0,0,0.0,0.0,Undercovered,4284.0
H0154,Dr. Camacho,T023,Pulmonologist,B,17,Academic,Low,28,1,17,1.1666666666666667,0.25,Adequately Covered,4284.0
H0260,Dr. Wood,T043,Neurologist,B,17,Group Practice,Medium,0,0,0,0.0,0.0,Undercovered,4284.0
H0320,Dr. Patterson,T008,Endocrinologist,B,17,Community,Medium,85,4,22,3.5416666666666665,0.2235294117647059,Adequately Covered,4284.0
H0472,Dr. Hernandez,T009,Neurologist,B,17,Group Practice,Medium,15,1,11,0.625,0.06666666666666667,Adequately Covered,4284.0
H0231,Dr. Ramirez,T048,Internist,B,17,Academic,High,17,1,11,0.7083333333333334,0.17647058823529413,Adequately Covered,4284.0
H0390,Dr. Jenkins,T045,Pulmonologist,B,17,Group Practice,Medium,66,3,23,2.75,0.19696969696969696,Adequately Covered,4284.0
H0410,Dr. Williams,T005,Immunologist,B,17,Academic,Medium,0,0,0,0.0,0.0,Undercovered,4284.0
H0312,Dr. Butler,T048,Pulmonologist,B,16,Private Practice,Medium,15,1,12,0.625,0.4,Adequately Covered,4032.0
H0062,Dr. Hernandez,T022,Oncologist,B,16,Private Practice,Medium,0,0,0,0.0,0.0,Undercovered,4032.0
H0446,Dr. Adams,T039,Cardiologist,B,16,Private Practice,Medium,43,2,17,1.7916666666666667,0.18604651162790697,Adequately Covered,4032.0
H0151,Dr. Alvarado,T038,Cardiologist,B,16,Community,Low,34,2,18,1.4166666666666667,0.17647058823529413,Adequately Covered,4032.0
H0223,Dr. Gillespie,T040,Oncologist,B,16,Community,High,0,0,0,0.0,0.0,Undercovered,4032.0
H0109,Dr. Young,T035,Immunologist,B,16,Community,Medium,28,1,16,1.1666666666666667,0.2857142857142857,Adequately Covered,4032.0
H0206,Dr. Williams,T011,Neurologist,B,16,Group Practice,Medium,55,2,22,2.2916666666666665,0.12727272727272726,Adequately Covered,4032.0
H0266,Dr. Chavez,T006,Pulmonologist,B,16,Private Practice,High,19,1,11,0.7916666666666666,0.10526315789473684,Adequately Covered,4032.0
H0116,Dr. Lewis,T005,General Practitioner,B,15,Private Practice,Medium,0,0,0,0.0,0.0,Undercovered,3780.0
H0058,Dr. Crane,T047,Cardiologist,B,15,Private Practice,High,36,2,18,1.5,0.2222222222222222,Adequately Covered,3780.0
H0403,Dr. Booth,T030,Endocrinologist,B,15,Community,High,0,0,0,0.0,0.0,Undercovered,3780.0
H0240,Dr. Kelly,T043,Pulmonologist,B,15,Community,Medium,0,0,0,0.0,0.0,Undercovered,3780.0
H0276,Dr. Hill,T030,Cardiologist,B,15,Academic,Low,0,0,0,0.0,0.0,Undercovered,3780.0
H0362,Dr. Kim,T013,Cardiologist,B,15,Private Practice,Low,91,4,24,3.7916666666666665,0.13186813186813187,Adequately Covered,3780.0
H0163,Dr. Fisher,T007,Internist,B,15,Community,Low,0,0,0,0.0,0.0,Undercovered,3780.0
H0041,Dr. Bass,T022,Pulmonologist,B,15,Private Practice,Low,0,0,0,0.0,0.0,Undercovered,3780.0
H0466,Dr. Kennedy,T002,General Practitioner,B,15,Group Practice,Low,0,0,0,0.0,0.0,Undercovered,3780.0
H0064,Dr. Riggs,T022,Cardiologist,C,17,Community,Medium,0,0,0,0.0,0.0,Not Reached,2142.0
H0252,Dr. Alvarez,T002,Cardiologist,C,17,Private Practice,High,0,0,0,0.0,0.0,Not Reached,2142.0
H0197,Dr. Vargas,T015,Endocrinologist,C,17,Private Practice,Medium,13,1,11,0.5416666666666666,0.15384615384615385,Adequately Covered,2142.0
H0473,Dr. Hanna,T044,Internist,C,17,Private Practice,High,13,1,11,0.5416666666666666,0.07692307692307693,Adequately Covered,2142.0
H0398,Dr. Wilson,T041,Pulmonologist,C,17,Community,High,45,3,20,1.875,0.17777777777777778,Adequately Covered,2142.0
H0181,Dr. Marshall,T045,Internist,C,17,Private Practice,Low,42,3,21,1.75,0.21428571428571427,Adequately Covered,2142.0
H0014,Dr. Williams,T026,Internist,C,17,Private Practice,Low,31,2,19,1.2916666666666667,0.1935483870967742,Adequately Covered,2142.0
H0280,Dr. Hooper,T002,Pulmonologist,C,17,Private Practice,Medium,0,0,0,0.0,0.0,Not Reached,2142.0
H0264,Dr. Pierce,T029,Cardiologist,C,17,Community,High,15,1,12,0.625,0.2,Adequately Covered,2142.0
H0086,Dr. Anderson,T046,Immunologist,C,17,Community,Medium,14,1,11,0.5833333333333334,0.35714285714285715,Adequately Covered,2142.0
H0070,Dr. Higgins,T018,General Practitioner,C,17,Academic,Medium,13,1,11,0.5416666666666666,0.07692307692307693,Adequately Covered,2142.0
H0175,Dr. Combs,T031,Neurologist,C,17,Group Practice,Medium,12,1,10,0.5,0.3333333333333333,Adequately Covered,2142.0
H0349,Dr. Baker,T005,Immunologist,C,16,Academic,Medium,0,0,0,0.0,0.0,Not Reached,2016.0
H0382,Dr. Graham,T044,Pulmonologist,C,16,Private Practice,Medium,16,1,11,0.6666666666666666,0.0625,Adequately Covered,2016.0
H0194,Dr. Brooks,T029,Cardiologist,C,16,Group Practice,High,17,1,13,0.7083333333333334,0.35294117647058826,Adequately Covered,2016.0
H0323,Dr. Choi,T048,Internist,C,16,Group Practice,High,12,1,10,0.5,0.4166666666666667,Adequately Covered,2016.0
H0142,Dr. Caldwell,T019,Neurologist,C,16,Community,Medium,29,2,14,1.2083333333333333,0.034482758620689655,Adequately Covered,2016.0
H0305,Dr. Parks,T003,Internist,C,16,Group Practice,Low,47,3,21,1.9583333333333333,0.1702127659574468,Adequately Covered,2016.0
H0395,Dr. Johnson,T016,Internist,C,16,Private Practice,Medium,51,3,20,2.125,0.21568627450980393,Adequately Covered,2016.0
H0095,Dr. Simmons,T025,Pulmonologist,C,16,Private Practice,Low,22,1,15,0.9166666666666666,0.0,Adequately Covered,2016.0
H0084,Dr. Lowery,T037,Endocrinologist,C,16,Private Practice,Medium,38,2,18,1.5833333333333333,0.34210526315789475,Adequately Covered,2016.0
H0289,Dr. Carter,T038,Endocrinologist,C,16,Community,Medium,34,2,19,1.4166666666666667,0.14705882352941177,Adequately Covered,2016.0
H0415,Dr. Washington,T030,Endocrinologist,C,16,Community,Medium,0,0,0,0.0,0.0,Not Reached,2016.0
H0286,Dr. Martinez,T040,Immunologist,C,16,Community,High,0,0,0,0.0,0.0,Not Reached,2016.0
H0381,Dr. Shea,T043,Pulmonologist,C,16,Community,High,0,0,0,0.0,0.0,Not Reached,2016.0
H0076,Dr. Dalton,T049,Oncologist,C,16,Private Practice,Low,25,2,15,1.0416666666666667,0.24,Adequately Covered,2016.0
H0270,Dr. Stewart,T035,Neurologist,C,16,Private Practice,Medium,12,1,11,0.5,0.08333333333333333,Adequately Covered,2016.0
H0421,Dr. Smith,T015,Oncologist,C,16,Private Practice,High,13,1,10,0.5416666666666666,0.0,Adequately Covered,2016.0
H0422,Dr. Russell,T035,Endocrinologist,C,16,Community,Low,17,1,14,0.7083333333333334,0.058823529411764705,Adequately Covered,2016.0
H0319,Dr. Chapman,T029,Pulmonologist,C,15,Academic,Medium,18,1,14,0.75,0.16666666666666666,Adequately Covered,1890.0
H0322,Dr. Brown,T012,Oncologist,C,15,Academic,High,23,2,15,0.9583333333333334,0.13043478260869565,Adequately Covered,1890.0
H0239,Dr. Freeman,T034,Cardiologist,C,15,Academic,Medium,0,0,0,0.0,0.0,Not Reached,1890.0
H0366,Dr. Munoz,T011,General Practitioner,C,15,Community,Low,44,2,20,1.8333333333333333,0.1590909090909091,Adequately Covered,1890.0
H0388,Dr. Garcia,T038,General Practitioner,C,15,Private Practice,Low,25,2,15,1.0416666666666667,0.24,Adequately Covered,1890.0
H0324,Dr. Garcia,T031,Endocrinologist,C,15,Community,Medium,17,1,12,0.7083333333333334,0.11764705882352941,Adequately Covered,1890.0
H0092,Dr. Ramos,T003,General Practitioner,C,15,Private Practice,Medium,38,3,17,1.5833333333333333,0.18421052631578946,Adequately Covered,1890.0
H0172,Dr. Williams,T028,Pulmonologist,C,15,Community,Medium,97,8,24,4.041666666666667,0.17525773195876287,Adequately Covered,1890.0
H0055,Dr. Beck,T016,Cardiologist,C,15,Group Practice,Low,56,3,21,2.3333333333333335,0.08928571428571429,Adequately Covered,1890.0
H0371,Dr. Matthews,T023,Oncologist,C,15,Academic,High,19,1,12,0.7916666666666666,0.21052631578947367,Adequately Covered,1890.0
H0179,Dr. Wilson,T007,Endocrinologist,C,15,Private Practice,Medium,0,0,0,0.0,0.0,Not Reached,1890.0
H0112,Dr. Miller,T011,Cardiologist,C,15,Group Practice,Medium,27,2,16,1.125,0.1111111111111111,Adequately Covered,1890.0
H0351,Dr. Brown,T013,Immunologist,C,15,Community,Low,78,4,23,3.25,0.10256410256410256,Adequately Covered,1890.0
H0372,Dr. Smith,T028,General Practitioner,C,15,Community,Medium,91,8,24,3.7916666666666665,0.12087912087912088,Adequately Covered,1890.0
H0208,Dr. Stanley,T013,General Practitioner,C,15,Private Practice,Medium,77,4,24,3.2083333333333335,0.1038961038961039,Adequately Covered,1890.0
H0297,Dr. Peterson,T021,Internist,C,15,Community,Medium,15,2,11,0.625,0.0,Adequately Covered,1890.0
H0328,Dr. Miller,T009,Pulmonologist,C,15,Private Practice,Medium,9,1,8,0.375,0.1111111111111111,Adequately Covered,1890.0
H0015,Dr. Graham,T013,Cardiologist,C,15,Group Practice,Medium,58,4,22,2.4166666666666665,0.13793103448275862,Adequately Covered,1890.0
H0295,Dr. Mitchell,T038,Pulmonologist,C,15,Private Practice,Medium,32,2,19,1.3333333333333333,0.21875,Adequately Covered,1890.0
H0209,Dr. Jones,T029,Oncologist,C,15,Community,Low,18,1,13,0.75,0.05555555555555555,Adequately Covered,1890.0
H0433,Dr. Olson,T038,Immunologist,C,14,Community,Medium,20,2,14,0.8333333333333334,0.2,Adequately Covered,1764.0
H0405,Dr. Brown,T030,Cardiologist,C,14,Private Practice,Medium,0,0,0,0.0,0.0,Not Reached,1764.0
H0407,Dr. Dean,T030,Immunologist,C,14,Community,Medium,0,0,0,0.0,0.0,Not Reached,1764.0
H0474,Dr. Martinez,T038,Internist,C,14,Private Practice,High,34,2,17,1.4166666666666667,0.17647058823529413,Adequately Covered,1764.0
H0355,Dr. Morse,T044,Internist,C,14,Community,Medium,21,1,15,0.875,0.19047619047619047,Adequately Covered,1764.0
H0103,Dr. Ramirez,T018,Neurologist,C,14,Private Practice,Low,18,1,13,0.75,0.1111111111111111,Adequately Covered,1764.0
H0442,Dr. Barton,T050,Internist,C,14,Private Practice,High,29,2,17,1.2083333333333333,0.13793103448275862,Adequately Covered,1764.0
H0188,Dr. Martin,T019,Internist,C,14,Community,Medium,33,2,19,1.375,0.12121212121212122,Adequately Covered,1764.0
H0457,Dr. Bennett,T021,Pulmonologist,C,14,Group Practice,Low,13,2,8,0.5416666666666666,0.15384615384615385,Adequately Covered,1764.0
H0468,Dr. James,T018,General Practitioner,C,14,Community,Low,18,1,15,0.75,0.16666666666666666,Adequately Covered,1764.0
H0044,Dr. Floyd,T043,Endocrinologist,C,14,Academic,Low,0,0,0,0.0,0.0,Not Reached,1764.0
H0131,Dr. Price,T001,General Practitioner,C,13,Private Practice,Medium,23,2,15,0.9583333333333334,0.17391304347826086,Adequately Covered,1638.0
H0177,Dr. Allen,T010,Endocrinologist,C,13,Private Practice,Medium,33,2,19,1.375,0.12121212121212122,Adequately Covered,1638.0
H0213,Dr. Henry,T016,Endocrinologist,C,13,Community,Medium,44,3,22,1.8333333333333333,0.25,Adequately Covered,1638.0
H0389,Dr. Martin,T008,Immunologist,C,13,Academic,Medium,60,4,24,2.5,0.18333333333333332,Adequately Covered,1638.0
H0275,Dr. Rodgers,T016,Immunologist,C,13,Community,Low,34,3,18,1.4166666666666667,0.14705882352941177,Adequately Covered,1638.0
H0220,Dr. Boyd,T021,Oncologist,C,13,Community,Medium,14,2,10,0.5833333333333334,0.14285714285714285,Adequately Covered,1638.0
H0162,Dr. Bean,T013,Cardiologist,C,13,Academic,Medium,79,4,23,3.2916666666666665,0.16455696202531644,Adequately Covered,1638.0
H0402,Dr. Smith,T014,Oncologist,C,13,Private Practice,Medium,7,1,6,0.2916666666666667,0.42857142857142855,Adequately Covered,1638.0
H0299,Dr. King,T012,Oncologist,C,13,Community,Low,25,2,16,1.0416666666666667,0.12,Adequately Covered,1638.0
H0419,Dr. Mckinney,T034,Immunologist,C,13,Group Practice,Medium,0,0,0,0.0,0.0,Not Reached,1638.0
H0464,Dr. Jenkins,T012,Immunologist,C,13,Private Practice,High,23,2,16,0.9583333333333334,0.13043478260869565,Adequately Covered,1638.0
H0441,Dr. Jones,T014,Cardiologist,C,13,Community,High,8,1,8,0.3333333333333333,0.25,Adequately Covered,1638.0
H0115,Dr. Hernandez,T002,Neurologist,C,13,Community,Low,0,0,0,0.0,0.0,Not Reached,1638.0
H0344,Dr. Lara,T011,Oncologist,C,13,Private Practice,High,36,2,23,1.5,0.1388888888888889,Adequately Covered,1638.0
H0232,Dr. Hayes,T022,Endocrinologist,C,13,Private Practice,High,0,0,0,0.0,0.0,Not Reached,1638.0
H0488,Dr. Hanson,T021,Neurologist,C,13,Private Practice,High,12,2,8,0.5,0.0,Adequately Covered,1638.0
H0367,Dr. Johnson,T033,Pulmonologist,C,12,Academic,Low,47,2,19,1.9583333333333333,0.1702127659574468,Adequately Covered,1512.0
H0310,Dr. Wright,T033,Immunologist,C,12,Community,Medium,38,2,18,1.5833333333333333,0.13157894736842105,Adequately Covered,1512.0
H0003,Dr. Carpenter,T006,Pulmonologist,C,12,Community,Low,11,1,10,0.4583333333333333,0.2727272727272727,Adequately Covered,1512.0
H0461,Dr. Allen,T050,Pulmonologist,C,12,Private Practice,Low,23,2,15,0.9583333333333334,0.30434782608695654,Adequately Covered,1512.0
H0249,Dr. Russell,T009,Neurologist,C,12,Private Practice,Low,19,1,14,0.7916666666666666,0.2631578947368421,Adequately Covered,1512.0
H0311,Dr. Grant,T011,Pulmonologist,C,12,Private Practice,Medium,26,2,17,1.0833333333333333,0.038461538461538464,Adequately Covered,1512.0
H0158,Dr. Gibson,T002,Pulmonologist,C,12,Group Practice,High,0,0,0,0.0,0.0,Not Reached,1512.0
H0343,Dr. Lawrence,T040,Immunologist,C,12,Community,Medium,0,0,0,0.0,0.0,Not Reached,1512.0
H0132,Dr. Snow,T005,Internist,C,11,Academic,High,0,0,0,0.0,0.0,Not Reached,1386.0
H0067,Dr. Gibson,T024,Endocrinologist,C,11,Community,High,22,1,15,0.9166666666666666,0.36363636363636365,Adequately Covered,1386.0
H0460,Dr. Pollard,T014,Internist,C,11,Private Practice,Low,5,1,4,0.20833333333333334,0.2,Adequately Covered,1386.0
H0284,Dr. Turner,T025,General Practitioner,C,11,Private Practice,High,26,1,17,1.0833333333333333,0.07692307692307693,Adequately Covered,1386.0
H0010,Dr. Joyce,T035,Cardiologist,C,11,Private Practice,Medium,10,1,9,0.4166666666666667,0.1,Adequately Covered,1386.0
H0105,Dr. Washington,T031,Neurologist,C,11,Academic,Low,18,1,14,0.75,0.05555555555555555,Adequately Covered,1386.0
H0048,Dr. Lowe,T025,Pulmonologist,C,11,Group Practice,Medium,21,1,16,0.875,0.09523809523809523,Adequately Covered,1386.0
H0081,Dr. Dominguez,T024,Oncologist,C,11,Community,Low,12,1,10,0.5,0.16666666666666666,Adequately Covered,1386.0
H0117,Dr. Perry,T040,Immunologist,C,11,Private Practice,High,0,0,0,0.0,0.0,Not Reached,1386.0
H0141,Dr. Price,T013,Internist,C,10,Community,Medium,56,4,23,2.3333333333333335,0.19642857142857142,Adequately Covered,1260.0
H0204,Dr. Hogan,T048,Pulmonologist,C,10,Community,High,13,1,12,0.5416666666666666,0.0,Adequately Covered,1260.0
H0245,Dr. Peters,T048,Internist,C,10,Private Practice,High,12,1,11,0.5,0.16666666666666666,Adequately Covered,1260.0
H0050,Dr. Leon,T020,General Practitioner,C,10,Private Practice,High,36,3,19,1.5,0.1111111111111111,Adequately Covered,1260.0
H0250,Dr. Peters,T027,Neurologist,C,10,Academic,Low,11,1,9,0.4583333333333333,0.18181818181818182,Adequately Covered,1260.0
H0285,Dr. Erickson,T048,General Practitioner,C,10,Private Practice,Low,11,1,8,0.4583333333333333,0.09090909090909091,Adequately Covered,1260.0
H0499,Dr. Williamson,T019,General Practitioner,C,10,Community,Low,32,2,18,1.3333333333333333,0.125,Adequately Covered,1260.0
H0365,Dr. Navarro,T004,Neurologist,C,10,Community,High,0,0,0,0.0,0.0,Not Reached,1260.0
H0292,Dr. Mullins,T030,General Practitioner,C,10,Group Practice,Low,0,0,0,0.0,0.0,Not Reached,1260.0
H0406,Dr. Stone,T013,Immunologist,C,10,Group Practice,Medium,65,4,22,2.7083333333333335,0.09230769230769231,Adequately Covered,1260.0
H0332,Dr. Ortiz,T017,Internist,C,10,Community,High,18,1,15,0.75,0.05555555555555555,Adequately Covered,1260.0
H0031,Dr. Nguyen,T034,Oncologist,C,10,Community,High,0,0,0,0.0,0.0,Not Reached,1260.0
H0037,Dr. Adkins,T021,Internist,C,10,Group Practice,High,11,2,9,0.4583333333333333,0.36363636363636365,Adequately Covered,1260.0
H0273,Dr. Vaughn,T026,Cardiologist,C,10,Private Practice,High,39,2,22,1.625,0.15384615384615385,Adequately Covered,1260.0
H0448,Dr. Barber,T011,Immunologist,C,10,Community,High,27,2,15,1.125,0.07407407407407407,Adequately Covered,1260.0
H0363,Dr. George,T035,General Practitioner,C,9,Community,High,14,1,12,0.5833333333333334,0.14285714285714285,Adequately Covered,1134.0
H0025,Dr. Hanson,T024,Neurologist,C,9,Private Practice,Medium,17,1,11,0.7083333333333334,0.17647058823529413,Adequately Covered,1134.0
H0450,Dr. Carpenter,T033,Pulmonologist,C,9,Private Practice,Low,37,2,20,1.5416666666666667,0.1891891891891892,Adequately Covered,1134.0
H0277,Dr. Lawrence,T045,Neurologist,C,9,Academic,High,46,3,21,1.9166666666666667,0.13043478260869565,Adequately Covered,1134.0
H0412,Dr. Anderson,T026,Oncologist,C,9,Community,Medium,28,2,18,1.1666666666666667,0.10714285714285714,Adequately Covered,1134.0
H0075,Dr. Stafford,T009,General Practitioner,C,9,Private Practice,Low,13,1,9,0.5416666666666666,0.23076923076923078,Adequately Covered,1134.0
H0352,Dr. Sparks,T007,Endocrinologist,C,9,Group Practice,Medium,0,0,0,0.0,0.0,Not Reached,1134.0
H0462,Dr. Reyes,T020,Neurologist,C,9,Private Practice,High,40,3,19,1.6666666666666667,0.125,Adequately Covered,1134.0
H0416,Dr. Johnson,T047,Oncologist,C,9,Community,Low,23,2,15,0.9583333333333334,0.2608695652173913,Adequately Covered,1134.0
H0327,Dr. Baker,T012,General Practitioner,C,9,Private Practice,Low,22,2,17,0.9166666666666666,0.18181818181818182,Adequately Covered,1134.0
H0005,Dr. Johnson,T006,Immunologist,C,9,Community,Medium,19,1,14,0.7916666666666666,0.15789473684210525,Adequately Covered,1134.0
H0096,Dr. Meadows,T021,Cardiologist,C,9,Private Practice,Medium,13,2,8,0.5416666666666666,0.15384615384615385,Adequately Covered,1134.0
H0013,Dr. Lee,T034,Cardiologist,C,9,Community,Medium,0,0,0,0.0,0.0,Not Reached,1134.0
H0139,Dr. Nelson,T041,General Practitioner,C,9,Community,Low,60,3,23,2.5,0.06666666666666667,Adequately Covered,1134.0
H0228,Dr. Morris,T005,Pulmonologist,C,9,Group Practice,Low,0,0,0,0.0,0.0,Not Reached,1134.0
H0380,Dr. Ramirez,T031,Immunologist,C,9,Private Practice,High,21,1,15,0.875,0.23809523809523808,Adequately Covered,1134.0
H0445,Dr. French,T008,Immunologist,C,9,Community,Low,54,4,22,2.25,0.1111111111111111,Adequately Covered,1134.0
H0077,Dr. Mcclure,T008,General Practitioner,C,9,Group Practice,Medium,52,4,20,2.1666666666666665,0.21153846153846154,Adequately Covered,1134.0
H0097,Dr. Griffin,T020,General Practitioner,C,9,Community,Medium,51,3,19,2.125,0.09803921568627451,Adequately Covered,1134.0
H0140,Dr. Tucker,T017,Cardiologist,C,8,Private Practice,Medium,19,1,15,0.7916666666666666,0.15789473684210525,Adequately Covered,1008.0
H0040,Dr. Sullivan,T047,Cardiologist,C,8,Community,Medium,27,2,17,1.125,0.1111111111111111,Adequately Covered,1008.0
H0196,Dr. Gonzalez,T019,Pulmonologist,C,8,Group Practice,Medium,28,2,17,1.1666666666666667,0.14285714285714285,Adequately Covered,1008.0
H0279,Dr. Carlson,T012,Cardiologist,C,8,Community,Medium,45,2,22,1.875,0.1111111111111111,Adequately Covered,1008.0
H0451,Dr. Keller,T031,Pulmonologist,C,8,Academic,Medium,11,1,10,0.4583333333333333,0.09090909090909091,Adequately Covered,1008.0
H0180,Dr. Gould,T046,Immunologist,C,8,Private Practice,Low,11,1,8,0.4583333333333333,0.09090909090909091,Adequately Covered,1008.0
H0414,Dr. Gilmore,T017,Oncologist,C,8,Private Practice,Medium,16,1,11,0.6666666666666666,0.375,Adequately Covered,1008.0
H0301,Dr. Wilson,T018,Endocrinologist,C,8,Community,High,20,1,14,0.8333333333333334,0.25,Adequately Covered,1008.0
H0152,Dr. Miller,T007,Neurologist,C,8,Academic,Low,0,0,0,0.0,0.0,Not Reached,1008.0
H0340,Dr. Hall,T038,Oncologist,C,8,Community,Medium,18,2,13,0.75,0.16666666666666666,Adequately Covered,1008.0
H0038,Dr. Thompson,T036,Cardiologist,C,8,Community,High,75,3,23,3.125,0.16,Adequately Covered,1008.0
H0184,Dr. Obrien,T031,Immunologist,C,8,Private Practice,Medium,18,1,12,0.75,0.2222222222222222,Adequately Covered,1008.0
H0121,Dr. Wall,T005,Endocrinologist,C,8,Group Practice,High,0,0,0,0.0,0.0,Not Reached,1008.0
H0099,Dr. Hensley,T008,Internist,C,7,Community,Low,41,4,20,1.7083333333333333,0.12195121951219512,Adequately Covered,882.0
H0160,Dr. Hobbs,T026,Oncologist,C,7,Academic,Low,32,2,18,1.3333333333333333,0.15625,Adequately Covered,882.0
H0418,Dr. Lloyd,T048,Oncologist,C,7,Private Practice,High,7,1,7,0.2916666666666667,0.0,Adequately Covered,882.0
H0173,Dr. Johnson,T014,Cardiologist,C,7,Private Practice,High,6,1,6,0.25,0.3333333333333333,Adequately Covered,882.0
H0315,Dr. Rowe,T021,Pulmonologist,C,7,Private Practice,Low,7,2,6,0.2916666666666667,0.14285714285714285,Adequately Covered,882.0
H0192,Dr. Johnston,T036,Immunologist,C,7,Group Practice,Low,51,3,22,2.125,0.21568627450980393,Adequately Covered,882.0
H0063,Dr. Williams,T011,Internist,C,7,Community,Medium,25,2,15,1.0416666666666667,0.08,Adequately Covered,882.0
H0039,Dr. Carroll,T047,General Practitioner,C,7,Private Practice,Medium,18,2,13,0.75,0.1111111111111111,Adequately Covered,882.0
H0060,Dr. Collins,T017,Oncologist,C,6,Group Practice,Medium,25,1,15,1.0416666666666667,0.2,Adequately Covered,756.0
H0185,Dr. Stuart,T009,General Practitioner,C,6,Private Practice,High,14,1,13,0.5833333333333334,0.14285714285714285,Adequately Covered,756.0
H0186,Dr. Higgins,T047,General Practitioner,C,6,Private Practice,Low,21,2,17,0.875,0.09523809523809523,Adequately Covered,756.0
H0227,Dr. Vargas,T018,General Practitioner,C,6,Community,Medium,18,1,13,0.75,0.05555555555555555,Adequately Covered,756.0
H0166,Dr. Curry,T025,Neurologist,C,6,Academic,High,29,1,18,1.2083333333333333,0.13793103448275862,Adequately Covered,756.0
H0397,Dr. King,T008,Cardiologist,C,6,Community,Medium,53,4,22,2.2083333333333335,0.22641509433962265,Adequately Covered,756.0
H0400,Dr. Hancock,T024,Neurologist,C,6,Group Practice,Medium,10,1,9,0.4166666666666667,0.3,Adequately Covered,756.0
H0404,Dr. Murray,T050,Oncologist,C,6,Private Practice,High,28,2,16,1.1666666666666667,0.14285714285714285,Adequately Covered,756.0
H0061,Dr. Drake,T036,Internist,C,6,Academic,Low,58,3,23,2.4166666666666665,0.1896551724137931,Adequately Covered,756.0
H0137,Dr. Hurst,T021,Oncologist,C,6,Community,Medium,10,2,10,0.4166666666666667,0.1,Adequately Covered,756.0
H0199,Dr. Sanchez,T035,Neurologist,C,6,Private Practice,Medium,20,1,13,0.8333333333333334,0.3,Adequately Covered,756.0
H0034,Dr. Lee,T008,Internist,C,6,Group Practice,Medium,52,4,20,2.1666666666666665,0.23076923076923078,Adequately Covered,756.0
H0170,Dr. Jones,T047,General Practitioner,C,6,Private Practice,Low,27,2,14,1.125,0.1111111111111111,Adequately Covered,756.0
H0241,Dr. Green,T013,Endocrinologist,C,6,Group Practice,Low,72,4,23,3.0,0.18055555555555555,Adequately Covered,756.0
H0210,Dr. Holland,T003,General Practitioner,C,6,Academic,Low,40,3,22,1.6666666666666667,0.1,Adequately Covered,756.0
H0088,Dr. Schmidt,T009,Internist,C,6,Community,Low,8,1,8,0.3333333333333333,0.125,Adequately Covered,756.0
H0203,Dr. Trujillo,T031,General Practitioner,C,5,Academic,High,15,1,12,0.625,0.2,Adequately Covered,630.0
H0100,Dr. Cole,T009,Internist,C,5,Group Practice,Low,11,1,10,0.4583333333333333,0.18181818181818182,Adequately Covered,630.0
H0431,Dr. Thornton,T037,Endocrinologist,C,5,Academic,High,44,2,20,1.8333333333333333,0.13636363636363635,Adequately Covered,630.0
H0205,Dr. Knight,T036,Oncologist,C,5,Group Practice,High,55,3,20,2.2916666666666665,0.14545454545454545,Adequately Covered,630.0
H0089,Dr. Hansen,T002,Internist,C,5,Academic,Medium,0,0,0,0.0,0.0,Not Reached,630.0
H0356,Dr. Gonzales,T040,Oncologist,C,5,Private Practice,Low,0,0,0,0.0,0.0,Not Reached,630.0
H0350,Dr. Thomas,T045,Neurologist,C,5,Private Practice,Low,38,3,19,1.5833333333333333,0.18421052631578946,Adequately Covered,630.0
H0093,Dr. Briggs,T038,Internist,C,5,Private Practice,High,30,2,17,1.25,0.1,Adequately Covered,630.0
H0283,Dr. Ward,T045,Oncologist,C,5,Academic,Medium,41,3,19,1.7083333333333333,0.1951219512195122,Adequately Covered,630.0
H0190,Dr. Lane,T003,Internist,C,5,Community,High,38,3,18,1.5833333333333333,0.13157894736842105,Adequately Covered,630.0
H0475,Dr. Sanford,T038,Immunologist,C,5,Private Practice,High,24,2,15,1.0,0.2916666666666667,Adequately Covered,630.0
H0136,Dr. Marsh,T028,Neurologist,C,5,Academic,High,108,8,24,4.5,0.16666666666666666,Adequately Covered,630.0
H0004,Dr. Terrell,T043,Endocrinologist,C,5,Private Practice,High,0,0,0,0.0,0.0,Not Reached,630.0
H0243,Dr. Carlson,T011,Cardiologist,C,5,Private Practice,Low,25,2,14,1.0416666666666667,0.2,Adequately Covered,630.0
H0374,Dr. Underwood,T017,Cardiologist,C,5,Academic,Low,10,1,9,0.4166666666666667,0.2,Adequately Covered,630.0
H0148,Dr. Ferguson,T021,Immunologist,C,5,Private Practice,Medium,13,2,12,0.5416666666666666,0.07692307692307693,Adequately Covered,630.0
H0376,Dr. Hines,T027,Immunologist,C,5,Private Practice,High,15,1,12,0.625,0.0,Adequately Covered,630.0
H0439,Dr. Francis,T033,Neurologist,C,5,Private Practice,Medium,47,2,22,1.9583333333333333,0.1702127659574468,Adequately Covered,630.0
H0317,Dr. Kerr,T048,General Practitioner,C,5,Academic,Medium,9,1,7,0.375,0.2222222222222222,Adequately Covered,630.0
H0487,Dr. Baker,T033,Pulmonologist,C,5,Community,High,35,2,17,1.4583333333333333,0.02857142857142857,Adequately Covered,630.0
H0242,Dr. Ramirez,T023,Oncologist,C,4,Academic,High,18,1,11,0.75,0.16666666666666666,Adequately Covered,504.0
H0083,Dr. Grant,T003,Endocrinologist,C,4,Academic,High,43,3,22,1.7916666666666667,0.13953488372093023,Adequately Covered,504.0
H0348,Dr. Hernandez,T028,Pulmonologist,C,4,Group Practice,Low,88,8,24,3.6666666666666665,0.125,Adequately Covered,504.0
H0282,Dr. Phillips,T002,Internist,C,4,Group Practice,Medium,0,0,0,0.0,0.0,Not Reached,504.0
H0119,Dr. Owens,T031,Neurologist,C,4,Private Practice,Medium,13,1,9,0.5416666666666666,0.23076923076923078,Adequately Covered,504.0
H0201,Dr. Turner,T027,Endocrinologist,C,4,Private Practice,Low,16,1,12,0.6666666666666666,0.0625,Adequately Covered,504.0
H0128,Dr. Woods,T010,Endocrinologist,C,4,Community,Low,29,2,15,1.2083333333333333,0.20689655172413793,Adequately Covered,504.0
H0027,Dr. Martinez,T002,Pulmonologist,C,4,Private Practice,Medium,0,0,0,0.0,0.0,Not Reached,504.0
H0291,Dr. Little,T023,Pulmonologist,C,4,Private Practice,Low,24,1,15,1.0,0.25,Adequately Covered,504.0
H0211,Dr. Smith,T024,Internist,C,4,Academic,High,11,1,10,0.4583333333333333,0.2727272727272727,Adequately Covered,504.0
H0303,Dr. Vasquez,T015,Endocrinologist,C,4,Academic,Low,17,1,12,0.7083333333333334,0.0,Adequately Covered,504.0
H0001,Dr. Wiley,T017,Cardiologist,C,3,Private Practice,Low,23,1,17,0.9583333333333334,0.13043478260869565,Adequately Covered,378.0
H0046,Dr. Morris,T047,Endocrinologist,C,3,Community,Medium,27,2,16,1.125,0.07407407407407407,Adequately Covered,378.0
H0066,Dr. Mack,T009,Pulmonologist,C,3,Private Practice,Low,11,1,10,0.4583333333333333,0.09090909090909091,Adequately Covered,378.0
H0189,Dr. Collins,T025,Oncologist,C,3,Community,Low,22,1,13,0.9166666666666666,0.18181818181818182,Adequately Covered,378.0
H0068,Dr. Mercado,T021,Internist,C,3,Community,Medium,18,2,15,0.75,0.2222222222222222,Adequately Covered,378.0
H0393,Dr. Morales,T041,Cardiologist,C,3,Private Practice,High,66,3,23,2.75,0.13636363636363635,Adequately Covered,378.0
H0229,Dr. Sanchez,T047,General Practitioner,C,3,Private Practice,High,27,2,16,1.125,0.18518518518518517,Adequately Covered,378.0
H0265,Dr. Bell,T012,Pulmonologist,C,3,Academic,Medium,28,2,17,1.1666666666666667,0.25,Adequately Covered,378.0
H0306,Dr. Hernandez,T002,General Practitioner,C,3,Private Practice,Medium,0,0,0,0.0,0.0,Not Reached,378.0
H0244,Dr. Beard,T050,Pulmonologist,C,3,Group Practice,Low,40,2,19,1.6666666666666667,0.175,Adequately Covered,378.0
H0378,Dr. Stone,T045,Cardiologist,C,3,Private Practice,Medium,53,3,24,2.2083333333333335,0.18867924528301888,Adequately Covered,378.0
H0157,Dr. Murphy,T021,Endocrinologist,C,3,Academic,Medium,22,2,16,0.9166666666666666,0.2727272727272727,Adequately Covered,378.0
H0057,Dr. Davis,T026,Oncologist,C,3,Private Practice,Medium,37,2,19,1.5416666666666667,0.1891891891891892,Adequately Covered,378.0
H0042,Dr. Torres,T006,General Practitioner,C,2,Academic,Low,17,1,13,0.7083333333333334,0.35294117647058826,Adequately Covered,252.0
H0489,Dr. Sanders,T010,Neurologist,C,2,Academic,Medium,28,2,16,1.1666666666666667,0.14285714285714285,Adequately Covered,252.0
H0026,Dr. Alvarado,T029,Internist,C,2,Academic,Medium,22,1,15,0.9166666666666666,0.13636363636363635,Adequately Covered,252.0
H0108,Dr. Reeves,T008,Pulmonologist,C,2,Community,High,56,4,22,2.3333333333333335,0.16071428571428573,Adequately Covered,252.0
H0494,Dr. Finley,T039,Neurologist,C,2,Academic,Low,22,2,16,0.9166666666666666,0.09090909090909091,Adequately Covered,252.0
H0254,Dr. West,T015,Endocrinologist,C,2,Private Practice,Low,16,1,12,0.6666666666666666,0.125,Adequately Covered,252.0
H0032,Dr. Terry,T047,General Practitioner,C,2,Group Practice,Low,30,2,15,1.25,0.06666666666666667,Adequately Covered,252.0
H0261,Dr. Tran,T016,Cardiologist,C,2,Academic,Low,48,3,20,2.0,0.16666666666666666,Adequately Covered,252.0
H0481,Dr. Smith,T047,Pulmonologist,C,2,Private Practice,Medium,22,2,14,0.9166666666666666,0.09090909090909091,Adequately Covered,252.0
H0358,Dr. Torres,T027,Endocrinologist,C,2,Private Practice,Medium,18,1,15,0.75,0.16666666666666666,Adequately Covered,252.0
H0182,Dr. Scott,T029,Immunologist,C,2,Academic,Medium,15,1,11,0.625,0.13333333333333333,Adequately Covered,252.0
H0202,Dr. Sutton,T023,Endocrinologist,C,2,Private Practice,Low,12,1,7,0.5,0.0,Adequately Covered,252.0
H0161,Dr. Ramirez,T030,Immunologist,C,2,Academic,High,0,0,0,0.0,0.0,Not Reached,252.0
